date,year,month,embarcado,desembarcado,transferencia,exog_num_flights,exog_num_arrivals,exog_num_departures,exog_unique_airlines_iata,exog_unique_aircraft_types,exog_avg_aircraft_cap,exog_sum_pax_recorded,exog_sum_pax_transfer,exog_sum_pax_transit,exog_sum_pax_local,exog_sum_pax_international,exog_sum_pax_domestic,exog_sum_pax_estimated,exog_sum_pax_od,exog_share_nature_name__Passenger flight,exog_share_nature_name__Cargo flight,exog_share_nature_name__General Aviation flight,exog_share_nature_name__Military flight,exog_share_nature_name__Crew only flight,exog_share_flight_service_type_name__Normal passenger service,exog_share_flight_service_type_name__Vuelos cargueros,exog_share_flight_service_type_name__Military,exog_share_flight_service_type_name__Privados/ General Aviation/RET,exog_share_flight_service_type_name__Training flight,exog_share_type_of_flight_name__International,exog_share_type_of_flight_name__Domestic,exog_share_type_of_flight_name__Transit,exog_share_terminal_name__PAX Terminal 1 (North),exog_share_terminal_name__PAX Terminal 2 (South),exog_share_terminal_name__Not Available,exog_share_terminal_name__Cargo Terminal,exog_share_terminal_name__General Aviation Terminal,month_sin_12,month_cos_12,year_num,embarcado_lag1,embarcado_lag2,embarcado_lag3,embarcado_lag6,embarcado_lag12,embarcado_ma3,embarcado_ma6,embarcado_ma12,embarcado_yoy,desembarcado_lag1,desembarcado_lag2,desembarcado_lag3,desembarcado_lag6,desembarcado_lag12,desembarcado_ma3,desembarcado_ma6,desembarcado_ma12,desembarcado_yoy,transferencia_lag1,transferencia_lag2,transferencia_lag3,transferencia_lag6,transferencia_lag12,transferencia_ma3,transferencia_ma6,transferencia_ma12,transferencia_yoy
2021-01-01,2021,Enero,1695,1845,578,,,,,,,,,,,,,,,,,,,,,,,,,,,,,,,,,0.49999999999999994,0.8660254037844387,2021,,,,,,,,,,,,,,,,,,,,,,,,,,,
2021-02-01,2021,Febrero,1738,1852,425,5875.0,2937.0,2938.0,37.0,82.0,133.248,494606.0,12.0,383593.0,114931.0,489904.0,4115.0,0.0,96072.0,0.8141276595744681,0.124595744680851,0.0442553191489361,0.0124255319148936,0.0003404255319148,0.8141276595744681,0.124595744680851,0.0124255319148936,0.0,0.0,0.9494468085106385,0.0505531914893617,0.0,0.6931063829787234,0.1228936170212766,0.003063829787234,0.1305531914893617,0.033531914893617,0.8660254037844386,0.5000000000000001,2021,1695.0,,,,,,,,,1845.0,,,,,,,,,578.0,,,,,,,,
2021-03-01,2021,Marzo,2077,2186,567,4933.0,2481.0,2452.0,40.0,84.0,122.08635718629635,205817.0,0.0,280444.0,80833.0,200004.0,5146.0,341912.0,90909.0,0.7575511858909386,0.1597405230083113,0.0492600851408879,0.0279748631664301,0.0016217311980539,0.7573484694911818,0.1597405230083113,0.0279748631664301,0.0,0.0,0.9142509629028988,0.0857490370971011,0.0,0.5937563348874924,0.1398743158321508,0.0443948915467261,0.1625785526049057,0.0227042367727549,1.0,6.123233995736766e-17,2021,1738.0,1695.0,,,,1836.6666666666667,,,,1852.0,1845.0,,,,1961.0,,,,425.0,578.0,,,,523.3333333333334,,,
2021-04-01,2021,Abril,2021,2307,531,5381.0,2688.0,2693.0,42.0,98.0,124.32484668277272,219413.0,0.0,356768.0,126908.0,215365.0,3269.0,488585.0,121446.0,0.7524623675896673,0.1566623304218546,0.0587251440252741,0.0265749860620702,0.0001858390633711,0.7522765285262962,0.1566623304218546,0.0265749860620702,0.0,0.0,0.8966734807656569,0.103326519234343,0.0,0.5686675339156291,0.1531313882178034,0.0535216502508827,0.1581490429288236,0.0317784798364616,0.8660254037844387,-0.4999999999999998,2021,2077.0,1738.0,1695.0,,,1945.3333333333333,,,,2186.0,1852.0,1845.0,,,2115.0,,,,567.0,425.0,578.0,,,507.6666666666667,,,
2021-05-01,2021,Mayo,1949,2286,563,5367.0,2674.0,2693.0,38.0,79.0,127.65697782746412,235785.0,0.0,376962.0,130384.0,232102.0,2894.0,506973.0,109273.0,0.7758524315259921,0.1486864169927333,0.0408049189491335,0.0245947456679709,0.0007452953232718,0.7758524315259921,0.1486864169927333,0.0245947456679709,0.0,0.0,0.9109372088690144,0.0890627911309856,0.0,0.5818893236444941,0.1719768958449785,0.0313024035774175,0.1531581889323644,0.0273896031302403,0.49999999999999994,-0.8660254037844387,2021,2021.0,2077.0,1738.0,,,2015.6666666666667,,,,2307.0,2186.0,1852.0,,,2259.6666666666665,,,,531.0,567.0,425.0,,,553.6666666666666,,,
2021-06-01,2021,Junio,2261,2293,1098,6720.0,3366.0,3354.0,38.0,100.0,125.17752976190476,315972.0,0.0,386678.0,270816.0,312372.0,3231.0,668706.0,130491.0,0.7732142857142857,0.1266369047619047,0.0532738095238095,0.0285714285714285,0.0151785714285714,0.7726190476190476,0.1266369047619047,0.0288690476190476,0.0,0.0126488095238095,0.8901785714285714,0.1098214285714285,0.0,0.6099702380952381,0.1401785714285714,0.0735119047619047,0.1267857142857142,0.0203869047619047,1.2246467991473532e-16,-1.0,2021,1949.0,2021.0,2077.0,,,2077.0,1956.8333333333333,,,2286.0,2307.0,2186.0,,,2295.3333333333335,2128.1666666666665,,,563.0,531.0,567.0,,,730.6666666666666,627.0,,
2021-07-01,2021,Julio,3061,2994,1201,7871.0,3933.0,3938.0,40.0,103.0,127.59611231101512,569852.0,1460.0,307200.0,231104.0,326636.0,3097.0,549623.0,747065.0,0.7855418625333502,0.109642993266421,0.0551391182823021,0.0287129970778808,0.0172786177105831,0.7837631812984373,0.109642993266421,0.0287129970778808,0.0,0.0172786177105831,0.8880701308601194,0.1119298691398805,0.0,0.5853131749460043,0.1776140261720238,0.0744505145470715,0.1105323338838775,0.0221064667767755,-0.4999999999999997,-0.8660254037844388,2021,2261.0,1949.0,2021.0,1695.0,,2423.6666666666665,2184.5,,,2293.0,2286.0,2307.0,1845.0,,2524.3333333333335,2319.6666666666665,,,1098.0,563.0,531.0,578.0,,954.0,730.8333333333334,,
2021-08-01,2021,Agosto,2959,3221,1037,8654.0,4334.0,4320.0,38.0,85.0,136.8984284723827,855811.0,5395.0,267507.0,233391.0,431820.0,4294.0,510711.0,528406.0,0.8429627917725907,0.100531546105847,0.0347816038825976,0.0107464756182112,0.0088976195978738,0.842038363762422,0.100531546105847,0.0110931361220244,0.0,0.0087820660966027,0.9274324012017564,0.0725675987982436,0.0,0.6506817656574995,0.1713658423850242,0.041830367460134,0.1014559741160157,0.0188352207071874,-0.8660254037844385,-0.5000000000000004,2021,3061.0,2261.0,1949.0,1738.0,,2760.3333333333335,2388.0,,,2994.0,2293.0,2286.0,1852.0,,2836.0,2547.8333333333335,,,1201.0,1098.0,563.0,425.0,,1112.0,832.8333333333334,,
2021-09-01,2021,Septiembre,3466,3491,1043,9100.0,4554.0,4546.0,43.0,97.0,135.00615384615384,905757.0,333166.0,290309.0,465437.0,895744.0,7994.0,971844.0,185424.0,0.8286813186813187,0.0987912087912087,0.0339560439560439,0.0142857142857142,0.0198901098901098,0.8284615384615385,0.0987912087912087,0.0143956043956043,0.0,0.0198901098901098,0.918021978021978,0.0819780219780219,0.0,0.6514285714285715,0.1606593406593406,0.0476923076923076,0.1002197802197802,0.0229670329670329,-1.0,-1.8369701987210297e-16,2021,2959.0,3061.0,2261.0,2077.0,,3162.0,2619.5,,,3221.0,2994.0,2293.0,2186.0,,3235.3333333333335,2765.3333333333335,,,1037.0,1201.0,1098.0,567.0,,1093.6666666666667,912.1666666666666,,
2021-10-01,2021,Octubre,3425,3283,1223,9228.0,4614.0,4614.0,46.0,104.0,133.55710879930646,914737.0,778707.0,6968.0,449808.0,904333.0,9188.0,983649.0,182879.0,0.8215214564369311,0.0976376246207195,0.0251408755960121,0.0485478977026441,0.0019505851755526,0.8205461638491548,0.0976376246207195,0.048114434330299,0.0,0.0019505851755526,0.9267446900736888,0.0732553099263112,0.0,0.671434763762462,0.1352405721716515,0.0688123103597746,0.0983961855223233,0.01506285218899,-0.8660254037844386,0.5000000000000001,2021,3466.0,2959.0,3061.0,2021.0,,3283.3333333333335,2853.5,,,3491.0,3221.0,2994.0,2307.0,,3331.6666666666665,2928.0,,,1043.0,1037.0,1201.0,531.0,,1101.0,1027.5,,
2021-11-01,2021,Noviembre,3900,3945,1843,10111.0,5059.0,5052.0,49.0,117.0,128.83750370883195,1024666.0,795931.0,6710.0,491391.0,1001209.0,22542.0,1073848.0,223028.0,0.7934922361784196,0.0987043813668282,0.0348135693798832,0.0585500939570764,0.0076154683018494,0.7927010186925131,0.0984076748096133,0.058747898328553,0.0,0.0076154683018494,0.8885372366729305,0.1113638611413312,9.890218573830482e-05,0.6699634061912768,0.1078033824547522,0.0920779349223617,0.0990010879240431,0.015923251903867,-0.5000000000000004,0.8660254037844384,2021,3425.0,3466.0,2959.0,1949.0,,3597.0,3178.6666666666665,,,3283.0,3491.0,3221.0,2286.0,,3573.0,3204.5,,,1223.0,1043.0,1037.0,563.0,,1369.6666666666667,1240.8333333333333,,
2021-12-01,2021,Diciembre,4083,3749,1964,10593.0,5297.0,5296.0,44.0,127.0,127.52468611347116,1088043.0,792776.0,9652.0,530624.0,1061463.0,25237.0,1129721.0,284346.0,0.78363069951855,0.0942131596337203,0.0537147172661191,0.0444633248371566,0.017275559331634,0.7827810818465024,0.0942131596337203,0.0435193052015481,0.0001888039271216,0.017275559331634,0.8759558198810535,0.1239497781553856,9.440196356084208e-05,0.6408949306145568,0.1257434154630416,0.1050693854432172,0.0947795714150854,0.020296422165581,-2.4492935982947064e-16,1.0,2021,3900.0,3425.0,3466.0,2261.0,,3802.6666666666665,3482.3333333333335,2719.5833333333335,,3945.0,3283.0,3491.0,2293.0,,3659.0,3447.1666666666665,2787.6666666666665,,1843.0,1223.0,1043.0,1098.0,,1676.6666666666667,1385.1666666666667,1006.0833333333334,
2022-01-01,2022,Enero,4062,4086,2632,11908.0,5959.0,5949.0,48.0,131.0,125.577678871347,1183242.0,679650.0,9157.0,564814.0,1157109.0,25169.0,960332.0,1186470.0,0.7738495129324824,0.0862445414847161,0.0586160564326503,0.0482868659724554,0.0269566677863621,0.7730937185085657,0.0862445414847161,0.0480349344978165,0.0001679543164259,0.0269566677863621,0.8649647295935505,0.1350352704064494,0.0,0.6202552905609674,0.1362109506214309,0.1199193819281155,0.0871682902250587,0.0255290560967416,0.49999999999999994,0.8660254037844387,2022,4083.0,3900.0,3425.0,3061.0,1695.0,4015.0,3649.1666666666665,2916.8333333333335,1.3964601769911504,3749.0,3945.0,3283.0,2994.0,1845.0,3926.6666666666665,3629.1666666666665,2974.4166666666665,1.2146341463414636,1964.0,1843.0,1223.0,1201.0,578.0,2146.3333333333335,1623.6666666666667,1177.25,3.553633217993079
2022-02-01,2022,Febrero,3792,3864,2292,12003.0,6050.0,5953.0,47.0,124.0,126.05082062817628,1122041.0,856650.0,9529.0,528743.0,183047.0,938670.0,1188393.0,316531.0,0.7798883612430226,0.0743980671498791,0.063567441472965,0.0546530034158127,0.0251603765725235,0.7791385486961593,0.0696492543530784,0.0550695659418478,0.0499041906190119,0.0250770640673165,0.8501208031325502,0.1498791968674498,0.0,0.601766225110389,0.1492126968257935,0.1317170707323169,0.0747313171707073,0.0268266266766641,0.8660254037844386,0.5000000000000001,2022,4062.0,4083.0,3900.0,2959.0,1738.0,3979.0,3788.0,3088.0,1.1818181818181817,4086.0,3749.0,3945.0,3221.0,1852.0,3899.6666666666665,3736.3333333333335,3142.0833333333335,1.0863930885529158,2632.0,1964.0,1843.0,1037.0,425.0,2296.0,1832.8333333333333,1332.8333333333333,4.392941176470588
2022-03-01,2022,Marzo,4562,4625,2673,11066.0,5528.0,5538.0,47.0,120.0,126.7467919754202,1063948.0,811795.0,7332.0,455102.0,163065.0,900024.0,1132074.0,295601.0,0.7836616663654437,0.0759985541297668,0.057834809325863,0.0510572926079884,0.021055485270197,0.7823965299114405,0.0759985541297668,0.0510572926079884,0.0590999457798662,0.021055485270197,0.8611964576179288,0.1388035423820712,0.0,0.6056388939092716,0.1583227905295499,0.1197361286824507,0.0835893728537863,0.0213265859389119,1.0,6.123233995736766e-17,2022,3792.0,4062.0,4083.0,3466.0,2077.0,4138.666666666667,3970.6666666666665,3295.0833333333335,1.1964371689937408,3864.0,4086.0,3749.0,3491.0,2186.0,4191.666666666667,3925.3333333333335,3345.3333333333335,1.115736505032022,2292.0,2632.0,1964.0,1043.0,567.0,2532.3333333333335,2104.5,1508.3333333333333,3.7142857142857144
2022-04-01,2022,Abril,4564,4702,2632,12873.0,6450.0,6423.0,50.0,133.0,123.1516352054688,1127265.0,947757.0,9270.0,400134.0,237736.0,873655.0,1275939.0,334665.0,0.7582537093140682,0.0737978715140215,0.0602812087314534,0.0692146352831507,0.0313058339159481,0.7574768896139206,0.0720888681736968,0.0692923172531655,0.0606696185815272,0.0312281519459333,0.8295657577876175,0.1702011963023382,0.0002330459100442,0.5889070146818923,0.1474403790880136,0.1531888448691059,0.0766721044045677,0.0237706828245164,0.8660254037844387,-0.4999999999999998,2022,4562.0,3792.0,4062.0,3425.0,2021.0,4306.0,4160.5,3507.0,1.2582879762493815,4625.0,3864.0,4086.0,3283.0,2307.0,4397.0,4161.833333333333,3544.9166666666665,1.0381447767663632,2673.0,2292.0,2632.0,1223.0,531.0,2532.3333333333335,2339.3333333333335,1683.4166666666667,3.9566854990583806
2022-05-01,2022,Mayo,4562,4702,2632,12377.0,6186.0,6191.0,50.0,129.0,125.7978508523875,1220579.0,937415.0,8962.0,573956.0,1176612.0,26775.0,1293503.0,339823.0,0.7782984568150602,0.0739274460693221,0.0634240930758665,0.0572028763028197,0.0220570412862567,0.7769249414236084,0.0721499555627373,0.0568796962107134,0.0639896582370525,0.0220570412862567,0.8519835178153026,0.1480164821846974,0.0,0.6084673184131858,0.1507635129676011,0.132261452694514,0.0771592469903853,0.0212490910559909,0.49999999999999994,-0.8660254037844387,2022,4564.0,4562.0,3792.0,3900.0,1949.0,4562.666666666667,4270.833333333333,3724.75,1.3406875320677272,4702.0,4625.0,3864.0,3945.0,2286.0,4676.333333333333,4288.0,3746.25,1.0568678915135608,2632.0,2673.0,2292.0,1843.0,563.0,2645.6666666666665,2470.8333333333335,1855.8333333333333,3.674955595026643
2022-06-01,2022,Junio,4562,4702,2632,12613.0,6304.0,6309.0,52.0,121.0,129.75953381431856,1276038.0,988511.0,8994.0,579279.0,1173989.0,22596.0,1348601.0,332393.0,0.804170300483628,0.0793625624355823,0.0406723222072464,0.0476492507730119,0.0215650519305478,0.8029810512962816,0.0772219138983588,0.0479663838896376,0.041148021882185,0.0215650519305478,0.879568698961389,0.1204313010386109,0.0,0.617458178070245,0.1662570363910251,0.10536747799889,0.0835645762308729,0.0153016728771902,1.2246467991473532e-16,-1.0,2022,4562.0,4564.0,4562.0,4083.0,2261.0,4562.666666666667,4350.666666666667,3916.5,1.0176912870411323,4702.0,4702.0,4625.0,3749.0,2293.0,4702.0,4446.833333333333,3947.0,1.050588748364588,2632.0,2632.0,2673.0,1964.0,1098.0,2632.0,2582.1666666666665,1983.6666666666667,1.3970856102003641
2022-07-01,2022,Julio,4562,4702,2632,12992.0,6498.0,6494.0,45.0,116.0,125.75708128078816,1269949.0,955450.0,10486.0,603853.0,1214577.0,24398.0,1339734.0,362626.0,0.7791717980295566,0.0711206896551724,0.0496459359605911,0.0565732758620689,0.036868842364532,0.7786330049261084,0.0695812807881773,0.0566502463054187,0.0499538177339901,0.036868842364532,0.8509852216748769,0.1490147783251231,0.0,0.5250153940886699,0.2371459359605911,0.1376231527093596,0.0741995073891625,0.0147013546798029,-0.4999999999999997,-0.8660254037844388,2022,4562.0,4562.0,4564.0,4062.0,3061.0,4562.0,4434.0,4041.5833333333335,0.49036262659261687,4702.0,4702.0,4702.0,4086.0,2994.0,4702.0,4549.5,4089.3333333333335,0.5704742818971276,2632.0,2632.0,2632.0,2632.0,1201.0,2632.0,2582.1666666666665,2102.9166666666665,1.1915070774354706
2022-08-01,2022,Agosto,4562,4702,2632,13850.0,6913.0,6937.0,45.0,116.0,126.47848375451264,1395996.0,1045316.0,7963.0,660764.0,1321128.0,31745.0,1447571.0,542255.0,0.7857039711191336,0.0681588447653429,0.0660649819494584,0.0466425992779783,0.0240433212996389,0.7843321299638989,0.0666425992779783,0.0471480144404332,0.067797833935018,0.0240433212996389,0.8489530685920578,0.1510469314079422,0.0,0.3933574007220217,0.3709025270758123,0.1366787003610108,0.071841155234657,0.0168231046931407,-0.8660254037844385,-0.5000000000000004,2022,4562.0,4562.0,4562.0,3792.0,2959.0,4562.0,4562.333333333333,4175.166666666667,0.5417370733355864,4702.0,4702.0,4702.0,3864.0,3221.0,4702.0,4689.166666666667,4212.75,0.4597950946910898,2632.0,2632.0,2632.0,2292.0,1037.0,2632.0,2638.8333333333335,2235.8333333333335,1.5380906460945032
2022-09-01,2022,Septiembre,4562,4702,2632,13467.0,6737.0,6730.0,48.0,118.0,127.3350412118512,1368556.0,1045653.0,8592.0,634756.0,1286092.0,28159.0,1446629.0,557969.0,0.7872577411450211,0.0754436771367045,0.0483403876141679,0.0468552758595084,0.0333407588921066,0.7861439073290265,0.0731417539169822,0.0468552758595084,0.0496769881933615,0.0333407588921066,0.861513328877998,0.1384866711220019,0.0,0.3958565382044999,0.372763050419544,0.1196257518378258,0.0786366674092225,0.0196777307492388,-1.0,-1.8369701987210297e-16,2022,4562.0,4562.0,4562.0,4562.0,3466.0,4562.0,4562.333333333333,4266.5,0.31621465666474324,4702.0,4702.0,4702.0,4625.0,3491.0,4702.0,4702.0,4313.666666666667,0.34689200802062437,2632.0,2632.0,2632.0,2673.0,1043.0,2632.0,2632.0,2368.25,1.523489932885906
2022-10-01,2022,Octubre,4562,4702,2632,12745.0,6370.0,6375.0,52.0,120.0,129.63860337387212,1335371.0,1067355.0,9096.0,630109.0,1272424.0,27221.0,1331730.0,351898.0,0.7966261278932915,0.0769713613181639,0.0400941545704197,0.0501373087485288,0.0242448018830914,0.7961553550411926,0.0726559435072577,0.0503726951745782,0.0401726167124362,0.023695566888976,0.8761082777559828,0.1238917222440172,0.0,0.3969399764613573,0.3599843075715967,0.1379364456649666,0.07861906630051,0.0165555119654766,-0.8660254037844386,0.5000000000000001,2022,4562.0,4562.0,4562.0,4564.0,3425.0,4562.0,4562.0,4361.25,0.33197080291970793,4702.0,4702.0,4702.0,4702.0,3283.0,4702.0,4702.0,4431.916666666667,0.4322266219920805,2632.0,2632.0,2632.0,2632.0,1223.0,2632.0,2632.0,2485.6666666666665,1.1520850367947668
2022-11-01,2022,Noviembre,4562,4702,2632,12969.0,6488.0,6481.0,49.0,118.0,132.1943866142339,1402366.0,1098334.0,9096.0,641243.0,1318824.0,26006.0,1360405.0,513233.0,0.8135554013416609,0.0747937389158763,0.0335415220911404,0.0417919654560875,0.0218983730434112,0.8109337651322384,0.0717094610224381,0.0436425321921505,0.0349294471431876,0.0218983730434112,0.8872696429948338,0.1127303570051661,0.0,0.3971007787801681,0.3828359935230164,0.1211350142647852,0.0776466959673066,0.013647929678464,-0.5000000000000004,0.8660254037844384,2022,4562.0,4562.0,4562.0,4562.0,3900.0,4562.0,4562.0,4416.416666666667,0.16974358974358972,4702.0,4702.0,4702.0,4702.0,3945.0,4702.0,4702.0,4495.0,0.19188846641318125,2632.0,2632.0,2632.0,2632.0,1843.0,2632.0,2632.0,2551.4166666666665,0.42810634834508954
2022-12-01,2022,Diciembre,4562,4702,2632,12797.0,6397.0,6400.0,51.0,121.0,132.16707040712666,1335608.0,1074418.0,8256.0,615638.0,1256812.0,29082.0,1344881.0,401348.0,0.8072985856060014,0.0744705790419629,0.0452449792920215,0.0407908103461748,0.0186762522466203,0.805345002735016,0.0727514261154958,0.0408689536610143,0.0462608423849339,0.0185981089317808,0.8794248652027818,0.1204188481675392,0.0001562866296788,0.4208798937250918,0.3480503242947566,0.1290927561147143,0.0772055950613425,0.015237946393686,-2.4492935982947064e-16,1.0,2022,4562.0,4562.0,4562.0,4562.0,4083.0,4562.0,4562.0,4456.333333333333,0.11731569924075425,4702.0,4702.0,4702.0,4702.0,3749.0,4702.0,4702.0,4574.416666666667,0.2542011202987464,2632.0,2632.0,2632.0,2632.0,1964.0,2632.0,2632.0,2607.0833333333335,0.340122199592668
2023-01-01,2023,Enero,5073,5162,4282,13834.0,6917.0,6917.0,46.0,128.0,132.52428798612115,1442218.0,1131340.0,10064.0,651851.0,1378493.0,28992.0,1403651.0,423858.0,0.8126355356368368,0.0654908197195315,0.0505276854127511,0.0456845453231169,0.0170594188231892,0.8103223941014891,0.0635391065490819,0.0482145438774034,0.0519011131993638,0.0156137053635969,0.8715483591152233,0.128379355211797,7.228567297961544e-05,0.4057394824345814,0.3629463640306491,0.1350296371259216,0.0670811045250831,0.0187942749747,0.49999999999999994,0.8660254037844387,2023,4562.0,4562.0,4562.0,4562.0,4062.0,4732.333333333333,4647.166666666667,4540.583333333333,0.2488921713441654,4702.0,4702.0,4702.0,4702.0,4086.0,4855.333333333333,4778.666666666667,4664.083333333333,0.2633382280959373,2632.0,2632.0,2632.0,2632.0,2632.0,3182.0,2907.0,2744.5833333333335,0.6268996960486322
2023-02-01,2023,Febrero,4698,5005,3929,14110.0,7059.0,7051.0,46.0,127.0,131.6561304039688,1517330.0,1151108.0,8210.0,693719.0,1452468.0,28459.0,1403322.0,490459.0,0.8092841956059532,0.0576895818568391,0.0608788093550673,0.0469879518072289,0.0201275690999291,0.8081502480510276,0.0547838412473423,0.0472005669737774,0.0614457831325301,0.0199858256555634,0.8632884479092842,0.1364989369241672,0.0002126151665485,0.4287739192062367,0.3379163713678242,0.1430191353649893,0.058681785967399,0.0228915662650602,0.8660254037844386,0.5000000000000001,2023,5073.0,4562.0,4562.0,4562.0,3792.0,4777.666666666667,4669.833333333333,4616.083333333333,0.23892405063291133,5162.0,4702.0,4702.0,4702.0,3864.0,4956.333333333333,4829.166666666667,4759.166666666667,0.29528985507246386,4282.0,2632.0,2632.0,2632.0,2292.0,3614.3333333333335,3123.1666666666665,2881.0,0.7142233856893543
2023-03-01,2023,Marzo,5494,5696,5180,12169.0,6090.0,6079.0,46.0,125.0,132.33798997452544,1294436.0,969060.0,6874.0,592872.0,1238053.0,25862.0,1197048.0,439420.0,0.8137069603089818,0.0677952173555756,0.0613033116936477,0.0391157860136412,0.0111759388610403,0.8132139041827595,0.0637685923247596,0.0391979620346782,0.0614676637357219,0.0110937628400032,0.879447777138631,0.120552222861369,0.0,0.4154819623633823,0.3577943955953653,0.1254006081025556,0.0690278576711315,0.0244884542690442,1.0,6.123233995736766e-17,2023,4698.0,5073.0,4562.0,4562.0,4562.0,5088.333333333333,4825.166666666667,4693.75,0.2042963612450679,5005.0,5162.0,4702.0,4702.0,4625.0,5287.666666666667,4994.833333333333,4848.416666666667,0.23156756756756747,3929.0,4282.0,2632.0,2632.0,2673.0,4463.666666666667,3547.8333333333335,3089.9166666666665,0.9378974934530491
2023-04-01,2023,Abril,5369,5500,5277,13798.0,6913.0,6885.0,46.0,134.0,130.040150746485,1467723.0,1100898.0,8527.0,649003.0,1348704.0,29927.0,1303602.0,473634.0,0.8015654442672852,0.0690679808667922,0.0539933323670097,0.0481953906363241,0.0202927960573996,0.799898536019713,0.0660240614581823,0.0485577619944919,0.0547905493549789,0.0197854761559646,0.8641832149586897,0.1358167850413103,0.0,0.3833164226699521,0.3767212639512973,0.1355993622264096,0.0710972604725322,0.0229018698362081,0.8660254037844387,-0.4999999999999998,2023,5494.0,4698.0,5073.0,4562.0,4564.0,5187.0,4959.666666666667,4760.833333333333,0.1763803680981595,5696.0,5005.0,5162.0,4702.0,4702.0,5400.333333333333,5127.833333333333,4914.916666666667,0.1697150148872819,5180.0,3929.0,4282.0,2632.0,2632.0,4795.333333333333,3988.6666666666665,3310.3333333333335,1.0049392097264436
2023-05-01,2023,Mayo,5510,6103,3847,13276.0,6639.0,6637.0,50.0,137.0,131.9914130762278,1375920.0,1107914.0,5940.0,584220.0,1233928.0,29274.0,1294601.0,417761.0,0.8113136486893643,0.0680927990358541,0.0618409159385357,0.0409761976498945,0.0123531184091593,0.8092799035854173,0.0643266043989153,0.0410515215426333,0.0633473937933112,0.0122024706236818,0.8794064477252185,0.1205935522747815,0.0,0.3803103344380837,0.3919855378125941,0.1271467309430551,0.0687707140705031,0.0233504067490207,0.49999999999999994,-0.8660254037844387,2023,5369.0,5494.0,4698.0,4562.0,4562.0,5457.666666666667,5117.666666666667,4839.833333333333,0.20780359491451117,5500.0,5696.0,5005.0,4702.0,4702.0,5766.333333333333,5361.333333333333,5031.666666666667,0.29795831561037867,5277.0,5180.0,3929.0,2632.0,2632.0,4768.0,4191.166666666667,3411.5833333333335,0.4616261398176291
2023-06-01,2023,Junio,2354,5112,7158,13565.0,6787.0,6778.0,44.0,120.0,132.8673055657943,1437940.0,1142903.0,10162.0,666092.0,1379128.0,30399.0,1337819.0,362832.0,0.8165130851455953,0.0715812753409509,0.0446737928492443,0.0444526354589015,0.0187246590490232,0.8156284555842241,0.067969037965352,0.0444526354589015,0.0450423884998157,0.0184297825285661,0.8811647622558054,0.1188352377441946,0.0,0.3778105418356063,0.4004423147806856,0.1253225211942499,0.0739402875046074,0.0131957242904533,1.2246467991473532e-16,-1.0,2023,5510.0,5369.0,5494.0,4562.0,4562.0,4411.0,4749.666666666667,4655.833333333333,-0.48399824638316524,6103.0,5500.0,5696.0,4702.0,4702.0,5571.666666666667,5429.666666666667,5065.833333333333,0.08719693747341561,3847.0,5277.0,5180.0,2632.0,2632.0,5427.333333333333,4945.5,3788.75,1.7196048632218845
2023-07-01,2023,Julio,6046,6469,3757,12985.0,6504.0,6481.0,46.0,117.0,134.33554100885638,1421364.0,1095814.0,10530.0,622199.0,1302965.0,28175.0,1258844.0,472989.0,0.8237966884867154,0.0741624951867539,0.033115132845591,0.0370427416249518,0.0233346168656141,0.8230265691182134,0.0712360415864459,0.0370427416249518,0.0335772044666923,0.0233346168656141,0.8911821332306508,0.1088178667693492,0.0,0.4335001925298421,0.3514054678475163,0.1185983827493261,0.0762418174817096,0.013092029264536,-0.4999999999999997,-0.8660254037844388,2023,2354.0,5510.0,5369.0,5073.0,4562.0,4636.666666666667,4911.833333333333,4779.5,0.3252959228408592,5112.0,6103.0,5500.0,5162.0,4702.0,5894.666666666667,5647.5,5213.083333333333,0.37579753296469587,7158.0,3847.0,5277.0,4282.0,2632.0,4920.666666666667,4858.0,3882.5,0.42743161094224913
2023-08-01,2023,Agosto,3038,6113,7010,13795.0,6884.0,6911.0,53.0,108.0,135.30221094599491,1570382.0,1184357.0,8712.0,728532.0,1515830.0,32687.0,1363156.0,408819.0,0.8350126857557086,0.0674882203696991,0.0340703153316419,0.0442189198985139,0.0148604566872055,0.8345777455599855,0.0629938383472272,0.0442914099311344,0.0337803552011598,0.0148604566872055,0.8914824211670895,0.1085175788329104,0.0,0.4487133019209858,0.3428778542950344,0.1172888727799927,0.0678506705328017,0.0136281261326567,-0.8660254037844385,-0.5000000000000004,2023,6046.0,2354.0,5510.0,4698.0,4562.0,3812.6666666666665,4635.166666666667,4652.5,-0.33406400701446737,6469.0,5112.0,6103.0,5005.0,4702.0,5898.0,5832.166666666667,5330.666666666667,0.300085070182901,3757.0,7158.0,3847.0,3929.0,2632.0,5975.0,5371.5,4247.333333333333,1.6633738601823707
2023-09-01,2023,Septiembre,3500,6250,8674,14029.0,7016.0,7013.0,49.0,118.0,135.32710813315276,1543685.0,1198756.0,9378.0,711220.0,1482479.0,34908.0,1403963.0,491564.0,0.8220828284268301,0.0644379499607955,0.0440516073847031,0.0407726851521847,0.0203150616579941,0.8211561764915533,0.0616579941549647,0.0407726851521847,0.0446931356475871,0.0202437807398959,0.8788224392330173,0.1211062798488844,7.128091809822511e-05,0.4713807113835626,0.3075771615938413,0.1270938769691353,0.0683584004561978,0.0151115546368237,-1.0,-1.8369701987210297e-16,2023,3038.0,6046.0,2354.0,5494.0,4562.0,4194.666666666667,4302.833333333333,4564.0,-0.23279263480929413,6113.0,6469.0,5112.0,5696.0,4702.0,6277.333333333333,5924.5,5459.666666666667,0.32922160782645693,7010.0,3757.0,7158.0,5180.0,2632.0,6480.333333333333,5953.833333333333,4750.833333333333,2.295592705167173
2023-10-01,2023,Octubre,6525,7130,6685,13371.0,6680.0,6691.0,45.0,122.0,136.54304090943086,1495836.0,1026952.0,9460.0,680922.0,1423631.0,42631.0,1191047.0,392261.0,0.8299304464886695,0.0609528083165058,0.0397876000299154,0.0433026699573704,0.0212399970084511,0.828060728442151,0.0581108368857976,0.0436018248448134,0.0406850646922444,0.0211652082865903,0.8756263555455838,0.1243736444544162,0.0,0.4708697928352404,0.3155336175304764,0.1203350534739361,0.0629721038067459,0.0147333782065664,-0.8660254037844386,0.5000000000000001,2023,3500.0,3038.0,6046.0,5369.0,4562.0,4354.333333333333,4495.5,4727.583333333333,0.4302937308198158,6250.0,6113.0,6469.0,5500.0,4702.0,6497.666666666667,6196.166666666667,5662.0,0.516376010208422,8674.0,7010.0,3757.0,5277.0,2632.0,7456.333333333333,6188.5,5088.583333333333,1.5398936170212765
2023-11-01,2023,Noviembre,6737,7244,6553,13901.0,6950.0,6951.0,43.0,116.0,135.06150636644847,1521161.0,1196736.0,6542.0,603823.0,1272146.0,39818.0,1378522.0,409398.0,0.8294367311704194,0.0627293000503561,0.0440975469390691,0.0376231925760736,0.0163297604488885,0.827206675778721,0.0608589310121574,0.0377670671174735,0.0459679159772678,0.0162578231781886,0.8802963815552838,0.1196316811740162,7.193727069994964e-05,0.5224084598230343,0.265664340694914,0.1169700021581181,0.0664700381267534,0.0158261995539889,-0.5000000000000004,0.8660254037844384,2023,6525.0,3500.0,3038.0,5510.0,4562.0,5587.333333333333,4700.0,4908.833333333333,0.4767645769399387,7130.0,6250.0,6113.0,6103.0,4702.0,6874.666666666667,6386.333333333333,5873.833333333333,0.5406210123351765,6685.0,8674.0,7010.0,3847.0,2632.0,7304.0,6639.5,5415.333333333333,1.4897416413373858
2023-12-01,2023,Diciembre,6988,6861,6739,14538.0,7271.0,7267.0,50.0,128.0,127.49215848122162,1512274.0,1148439.0,4835.0,669876.0,1400743.0,43602.0,1346414.0,410693.0,0.7833952400605311,0.0717430182968771,0.0931352318063007,0.0296464438024487,0.0083918007979089,0.7812628972348329,0.0696794607236208,0.0297840143073325,0.0932040170587426,0.0083918007979089,0.8478470215985693,0.1521529784014307,0.0,0.5188471591690742,0.2234144999312147,0.1566240198101527,0.0716054477919933,0.0190535149263997,-2.4492935982947064e-16,1.0,2023,6737.0,6525.0,3500.0,2354.0,4562.0,6750.0,5472.333333333333,5111.0,0.5317843051293292,7244.0,7130.0,6250.0,5112.0,4702.0,7078.333333333333,6677.833333333333,6053.75,0.4591663122075713,6553.0,6685.0,8674.0,7158.0,2632.0,6659.0,6569.666666666667,5757.583333333333,1.5604103343465048
