year_month,num_flights,num_arrivals,num_departures,unique_airlines_iata,unique_aircraft_types,avg_aircraft_cap,sum_pax_recorded,sum_pax_transfer,sum_pax_transit,sum_pax_local,sum_pax_international,sum_pax_domestic,sum_pax_estimated,sum_pax_od,share_nature_name__Passenger flight,share_nature_name__Cargo flight,share_nature_name__General Aviation flight,share_nature_name__Military flight,share_nature_name__Crew only flight,share_flight_service_type_name__Normal passenger service,share_flight_service_type_name__Vuelos cargueros,share_flight_service_type_name__Military,share_flight_service_type_name__Privados/ General Aviation/RET,share_flight_service_type_name__Training flight,share_type_of_flight_name__International,share_type_of_flight_name__Domestic,share_type_of_flight_name__Transit,share_terminal_name__PAX Terminal 1 (North),share_terminal_name__PAX Terminal 2 (South),share_terminal_name__Not Available,share_terminal_name__Cargo Terminal,share_terminal_name__General Aviation Terminal
2021-01-01,5875,2937,2938,37,82,133.248,494606,12,383593,114931,489904,4115,0,96072.0,0.8141276595744681,0.12459574468085106,0.04425531914893617,0.012425531914893618,0.00034042553191489364,0.8141276595744681,0.12459574468085106,0.012425531914893618,0.0,0.0,0.9494468085106383,0.0505531914893617,0.0,0.6931063829787234,0.1228936170212766,0.0030638297872340424,0.1305531914893617,0.033531914893617024
2021-02-01,4933,2481,2452,40,84,122.08635718629637,205817,0,280444,80833,200004,5146,341912,90909.0,0.7575511858909386,0.15974052300831137,0.0492600851408879,0.027974863166430164,0.0016217311980539226,0.7573484694911818,0.15974052300831137,0.027974863166430164,0.0,0.0,0.9142509629028989,0.08574903709710116,0.0,0.5937563348874924,0.13987431583215082,0.04439489154672613,0.16257855260490572,0.022704236772754915
2021-03-01,5381,2688,2693,42,98,124.32484668277272,219413,0,356768,126908,215365,3269,488585,121446.0,0.7524623675896673,0.15666233042185468,0.05872514402527411,0.026574986062070247,0.00018583906337112061,0.7522765285262962,0.15666233042185468,0.026574986062070247,0.0,0.0,0.8966734807656569,0.10332651923434306,0.0,0.5686675339156291,0.1531313882178034,0.053521650250882735,0.15814904292882365,0.03177847983646163
2021-04-01,5367,2674,2693,38,79,127.65697782746413,235785,0,376962,130384,232102,2894,506973,109273.0,0.7758524315259921,0.14868641699273338,0.040804918949133594,0.024594745667970933,0.0007452953232718465,0.7758524315259921,0.14868641699273338,0.024594745667970933,0.0,0.0,0.9109372088690143,0.08906279113098566,0.0,0.5818893236444941,0.17197689584497858,0.03130240357741755,0.15315818893236444,0.02738960313024036
2021-05-01,6720,3366,3354,38,100,125.17752976190476,315972,0,386678,270816,312372,3231,668706,130491.0,0.7732142857142857,0.12663690476190476,0.05327380952380952,0.02857142857142857,0.015178571428571428,0.7726190476190476,0.12663690476190476,0.02886904761904762,0.0,0.012648809523809524,0.8901785714285714,0.10982142857142857,0.0,0.6099702380952381,0.14017857142857143,0.07351190476190476,0.12678571428571428,0.020386904761904762
2021-06-01,7871,3933,3938,40,103,127.59611231101512,569852,1460,307200,231104,326636,3097,549623,747065.0,0.7855418625333502,0.10964299326642105,0.05513911828230212,0.028712997077880827,0.017278617710583154,0.7837631812984373,0.10964299326642105,0.028712997077880827,0.0,0.017278617710583154,0.8880701308601194,0.11192986913988058,0.0,0.5853131749460043,0.17761402617202388,0.07445051454707152,0.11053233388387752,0.022106466776775507
2021-07-01,8654,4334,4320,38,85,136.8984284723827,855811,5395,267507,233391,431820,4294,510711,528406.0,0.8429627917725907,0.10053154610584701,0.03478160388259764,0.010746475618211232,0.008897619597873815,0.842038363762422,0.10053154610584701,0.011093136122024498,0.0,0.008782066096602727,0.9274324012017564,0.0725675987982436,0.0,0.6506817656574995,0.17136584238502425,0.04183036746013404,0.10145597411601572,0.018835220707187426
2021-08-01,9100,4554,4546,43,97,135.00615384615384,905757,333166,290309,465437,895744,7994,971844,185424.0,0.8286813186813187,0.09879120879120878,0.03395604395604396,0.014285714285714285,0.01989010989010989,0.8284615384615385,0.09879120879120878,0.014395604395604396,0.0,0.01989010989010989,0.918021978021978,0.08197802197802198,0.0,0.6514285714285715,0.16065934065934065,0.047692307692307694,0.10021978021978022,0.022967032967032966
2021-09-01,9228,4614,4614,46,104,133.55710879930646,914737,778707,6968,449808,904333,9188,983649,182879.0,0.8215214564369311,0.09763762462071955,0.025140875596012136,0.04854789770264413,0.0019505851755526658,0.8205461638491548,0.09763762462071955,0.04811443433029909,0.0,0.0019505851755526658,0.9267446900736888,0.07325530992631123,0.0,0.671434763762462,0.1352405721716515,0.0688123103597746,0.09839618552232336,0.01506285218899003
2021-10-01,10111,5059,5052,49,117,128.83750370883197,1024666,795931,6710,491391,1001209,22542,1073848,223028.0,0.7934922361784196,0.0987043813668282,0.034813569379883294,0.05855009395707645,0.007615468301849471,0.7927010186925131,0.0984076748096133,0.05874789832855306,0.0,0.007615468301849471,0.8885372366729305,0.11136386114133122,9.890218573830482e-05,0.6699634061912768,0.10780338245475225,0.09207793492236178,0.09900108792404312,0.015923251903867074
2021-11-01,10593,5297,5296,44,127,127.52468611347116,1088043,792776,9652,530624,1061463,25237,1129721,284346.0,0.78363069951855,0.09421315963372039,0.053714717266119136,0.04446332483715661,0.017275559331634098,0.7827810818465024,0.09421315963372039,0.04351930520154819,0.00018880392712168414,0.017275559331634098,0.8759558198810535,0.12394977815538563,9.440196356084207e-05,0.6408949306145568,0.12574341546304163,0.10506938544321721,0.09477957141508543,0.020296422165581043
2021-12-01,11908,5959,5949,48,131,125.57767887134699,1183242,679650,9157,564814,1157109,25169,960332,1186470.0,0.7738495129324824,0.08624454148471616,0.05861605643265032,0.04828686597245549,0.02695666778636211,0.7730937185085657,0.08624454148471616,0.048034934497816595,0.00016795431642593214,0.02695666778636211,0.8649647295935505,0.13503527040644944,0.0,0.6202552905609674,0.13621095062143096,0.11991938192811555,0.08716829022505879,0.025529056096741685
2022-01-01,12003,6050,5953,47,124,126.05082062817628,1122041,856650,9529,528743,183047,938670,1188393,316531.0,0.7798883612430226,0.07439806714987919,0.06356744147296509,0.054653003415812716,0.025160376572523537,0.7791385486961593,0.0696492543530784,0.05506956594184787,0.04990419061901191,0.025077064067316503,0.8501208031325502,0.1498791968674498,0.0,0.601766225110389,0.14921269682579355,0.13171707073231692,0.07473131717070733,0.02682662667666417
2022-02-01,11066,5528,5538,47,120,126.74679197542021,1063948,811795,7332,455102,163065,900024,1132074,295601.0,0.7836616663654437,0.07599855412976686,0.057834809325863004,0.051057292607988435,0.021055485270197,0.7823965299114405,0.07599855412976686,0.051057292607988435,0.059099945779866256,0.021055485270197,0.8611964576179288,0.1388035423820712,0.0,0.6056388939092716,0.15832279052954998,0.11973612868245075,0.08358937285378637,0.02132658593891198
2022-03-01,12873,6450,6423,50,133,123.1516352054688,1127265,947757,9270,400134,237736,873655,1275939,334665.0,0.7582537093140682,0.07379787151402159,0.06028120873145343,0.06921463528315078,0.03130583391594811,0.7574768896139206,0.07208886817369689,0.06929231725316554,0.06066961858152723,0.031228151945933348,0.8295657577876175,0.17020119630233824,0.00023304591004427873,0.5889070146818923,0.14744037908801366,0.1531888448691059,0.0766721044045677,0.02377068282451643
2022-04-01,12377,6186,6191,50,129,125.7978508523875,1220579,937415,8962,573956,1176612,26775,1293503,339823.0,0.7782984568150602,0.07392744606932213,0.06342409307586652,0.05720287630281975,0.022057041286256768,0.7769249414236084,0.07214995556273733,0.05687969621071342,0.06398965823705259,0.022057041286256768,0.8519835178153026,0.14801648218469743,0.0,0.6084673184131858,0.15076351296760118,0.13226145269451403,0.07715924699038539,0.021249091055990953
2022-05-01,12613,6304,6309,52,121,129.75953381431856,1276038,988511,8994,579279,1173989,22596,1348601,332393.0,0.804170300483628,0.07936256243558233,0.040672322207246495,0.04764925077301197,0.02156505193054785,0.8029810512962816,0.07722191389835883,0.04796638388963768,0.04114802188218505,0.02156505193054785,0.879568698961389,0.12043130103861095,0.0,0.617458178070245,0.16625703639102513,0.10536747799889003,0.0835645762308729,0.015301672877190201
2022-06-01,12992,6498,6494,45,116,125.75708128078817,1269949,955450,10486,603853,1214577,24398,1339734,362626.0,0.7791717980295566,0.07112068965517242,0.04964593596059113,0.056573275862068964,0.03686884236453202,0.7786330049261084,0.06958128078817734,0.05665024630541872,0.04995381773399015,0.03686884236453202,0.8509852216748769,0.14901477832512317,0.0,0.5250153940886699,0.23714593596059114,0.1376231527093596,0.07419950738916256,0.014701354679802955
2022-07-01,13850,6913,6937,45,116,126.47848375451264,1395996,1045316,7963,660764,1321128,31745,1447571,542255.0,0.7857039711191336,0.06815884476534297,0.06606498194945848,0.04664259927797834,0.02404332129963899,0.7843321299638989,0.06664259927797835,0.04714801444043321,0.06779783393501805,0.02404332129963899,0.8489530685920578,0.15104693140794223,0.0,0.3933574007220217,0.3709025270758123,0.13667870036101082,0.07184115523465703,0.016823104693140793
2022-08-01,13467,6737,6730,48,118,127.33504121185119,1368556,1045653,8592,634756,1286092,28159,1446629,557969.0,0.7872577411450211,0.07544367713670454,0.048340387614167965,0.046855275859508425,0.03334075889210663,0.7861439073290265,0.07314175391698226,0.046855275859508425,0.04967698819336155,0.03334075889210663,0.861513328877998,0.13848667112200194,0.0,0.3958565382044999,0.37276305041954405,0.1196257518378258,0.07863666740922254,0.01967773074923888
2022-09-01,12745,6370,6375,52,120,129.63860337387212,1335371,1067355,9096,630109,1272424,27221,1331730,351898.0,0.7966261278932915,0.07697136131816398,0.040094154570419774,0.050137308748528835,0.02424480188309141,0.7961553550411926,0.07265594350725775,0.050372695174578264,0.04017261671243625,0.023695566888976068,0.8761082777559828,0.12389172224401726,0.0,0.39693997646135737,0.3599843075715967,0.13793644566496666,0.07861906630051001,0.01655551196547666
2022-10-01,12969,6488,6481,49,118,132.19438661423393,1402366,1098334,9096,641243,1318824,26006,1360405,513233.0,0.8135554013416609,0.07479373891587632,0.03354152209114041,0.04179196545608759,0.02189837304341121,0.8109337651322384,0.07170946102243812,0.043642532192150515,0.0349294471431876,0.02189837304341121,0.8872696429948338,0.11273035700516616,0.0,0.3971007787801681,0.38283599352301645,0.12113501426478526,0.07764669596730665,0.01364792967846403
2022-11-01,12797,6397,6400,51,121,132.16707040712666,1335608,1074418,8256,615638,1256812,29082,1344881,401348.0,0.8072985856060014,0.07447057904196296,0.045244979292021564,0.040790810346174884,0.0186762522466203,0.805345002735016,0.07275142611549582,0.0408689536610143,0.04626084238493397,0.018598108931780887,0.8794248652027818,0.12041884816753927,0.00015628662967883097,0.4208798937250918,0.3480503242947566,0.12909275611471438,0.0772055950613425,0.01523794639368602
2022-12-01,13834,6917,6917,46,128,132.52428798612115,1442218,1131340,10064,651851,1378493,28992,1403651,423858.0,0.8126355356368368,0.06549081971953159,0.05052768541275119,0.04568454532311696,0.017059418823189242,0.8103223941014891,0.06353910654908197,0.048214543877403496,0.051901113199363885,0.015613705363596936,0.8715483591152233,0.12837935521179702,7.228567297961544e-05,0.40573948243458147,0.3629463640306491,0.13502963712592164,0.06708110452508313,0.018794274974700015
2023-01-01,14110,7059,7051,46,127,131.6561304039688,1517330,1151108,8210,693719,1452468,28459,1403322,490459.0,0.8092841956059532,0.057689581856839124,0.06087880935506733,0.046987951807228916,0.02012756909992913,0.8081502480510276,0.05478384124734231,0.04720056697377746,0.06144578313253012,0.01998582565556343,0.8632884479092842,0.13649893692416726,0.00021261516654854713,0.4287739192062367,0.33791637136782426,0.14301913536498936,0.05868178596739901,0.02289156626506024
2023-02-01,12169,6090,6079,46,125,132.33798997452544,1294436,969060,6874,592872,1238053,25862,1197048,439420.0,0.8137069603089818,0.06779521735557564,0.06130331169364779,0.03911578601364122,0.011175938861040348,0.8132139041827595,0.06376859232475963,0.039197962034678284,0.06146766373572192,0.011093762840003287,0.879447777138631,0.12055222286136905,0.0,0.41548196236338236,0.3577943955953653,0.12540060810255568,0.06902785767113157,0.024488454269044294
2023-03-01,13798,6913,6885,46,134,130.040150746485,1467723,1100898,8527,649003,1348704,29927,1303602,473634.0,0.8015654442672852,0.06906798086679229,0.05399333236700971,0.0481953906363241,0.02029279605739962,0.799898536019713,0.06602406145818235,0.04855776199449195,0.054790549354978985,0.019785476155964633,0.8641832149586897,0.13581678504131034,0.0,0.38331642266995214,0.3767212639512973,0.13559936222640961,0.07109726047253224,0.022901869836208146
2023-04-01,13276,6639,6637,50,137,131.9914130762278,1375920,1107914,5940,584220,1233928,29274,1294601,417761.0,0.8113136486893643,0.06809279903585418,0.061840915938535704,0.04097619764989455,0.012353118409159385,0.8092799035854173,0.06432660439891534,0.04105152154263332,0.06334739379331124,0.012202470623681832,0.8794064477252185,0.12059355227478157,0.0,0.38031033443808376,0.39198553781259415,0.12714673094305515,0.06877071407050317,0.02335040674902079
2023-05-01,13565,6787,6778,44,120,132.8673055657943,1437940,1142903,10162,666092,1379128,30399,1337819,362832.0,0.8165130851455953,0.07158127534095098,0.04467379284924438,0.04445263545890159,0.01872465904902322,0.8156284555842241,0.067969037965352,0.04445263545890159,0.045042388499815705,0.018429782528566162,0.8811647622558054,0.11883523774419462,0.0,0.37781054183560636,0.4004423147806856,0.12532252119424991,0.07394028750460745,0.013195724290453372
2023-06-01,12985,6504,6481,46,117,134.33554100885638,1421364,1095814,10530,622199,1302965,28175,1258844,472989.0,0.8237966884867154,0.07416249518675394,0.03311513284559107,0.037042741624951865,0.02333461686561417,0.8230265691182134,0.0712360415864459,0.037042741624951865,0.03357720446669234,0.02333461686561417,0.8911821332306508,0.10881786676934925,0.0,0.4335001925298421,0.35140546784751636,0.11859838274932614,0.07624181748170966,0.013092029264536002
2023-07-01,13795,6884,6911,53,108,135.30221094599491,1570382,1184357,8712,728532,1515830,32687,1363156,408819.0,0.8350126857557086,0.06748822036969916,0.0340703153316419,0.04421891989851395,0.014860456687205509,0.8345777455599855,0.06299383834722726,0.04429140993113447,0.033780355201159844,0.014860456687205509,0.8914824211670895,0.10851757883291048,0.0,0.44871330192098585,0.3428778542950344,0.11728887277999275,0.06785067053280174,0.01362812613265676
2023-08-01,14029,7016,7013,49,118,135.32710813315276,1543685,1198756,9378,711220,1482479,34908,1403963,491564.0,0.8220828284268301,0.0644379499607955,0.044051607384703116,0.04077268515218476,0.020315061657994155,0.8211561764915533,0.061657994154964715,0.04077268515218476,0.04469313564758714,0.02024378073989593,0.8788224392330173,0.12110627984888446,7.128091809822511e-05,0.47138071138356263,0.30757716159384135,0.12709387696913535,0.06835840045619787,0.015111554636823721
2023-09-01,13371,6680,6691,45,122,136.54304090943086,1495836,1026952,9460,680922,1423631,42631,1191047,392261.0,0.8299304464886695,0.060952808316505874,0.039787600029915486,0.04330266995737043,0.021239997008451125,0.828060728442151,0.05811083688579762,0.043601824844813404,0.04068506469224441,0.02116520828659038,0.8756263555455838,0.12437364445441627,0.0,0.47086979283524044,0.31553361753047643,0.12033505347393612,0.06297210380674595,0.01473337820656645
2023-10-01,13901,6950,6951,43,116,135.06150636644847,1521161,1196736,6542,603823,1272146,39818,1378522,409398.0,0.8294367311704194,0.0627293000503561,0.04409754693906913,0.03762319257607366,0.01632976044888857,0.827206675778721,0.0608589310121574,0.03776706711747356,0.04596791597726782,0.01625782317818862,0.8802963815552838,0.11963168117401626,7.193727069994964e-05,0.5224084598230343,0.265664340694914,0.11697000215811812,0.06647003812675348,0.015826199553988923
2023-11-01,14538,7271,7267,50,128,127.49215848122162,1512274,1148439,4835,669876,1400743,43602,1346414,410693.0,0.7833952400605311,0.07174301829687715,0.09313523180630073,0.029646443802448755,0.008391800797908928,0.7812628972348329,0.06967946072362086,0.029784014307332508,0.09320401705874261,0.008391800797908928,0.8478470215985693,0.15215297840143074,0.0,0.5188471591690742,0.22341449993121476,0.1566240198101527,0.07160544779199339,0.01905351492639978
2023-12-01,14543,7281,7262,52,132,135.71161383483462,1592691,1209767,6721,713729,1509687,45100,1397302,462213.0,0.8351096747576153,0.0721996836966238,0.049852162552430725,0.02530427009557863,0.010795571752733274,0.8335281578766417,0.06965550436636182,0.025579316509661006,0.05053977858763666,0.01072681014921268,0.8963762634944646,0.10362373650553532,0.0,0.5291205390909716,0.26528226638245206,0.10341745169497353,0.07151206766141786,0.01897820257168397
2024-01-01,14858,7425,7433,50,138,134.71806434244178,1445541,1143359,8633,646302,1383592,40350,1360471,497931.0,0.8272311212814645,0.05808318750841297,0.06414053035401804,0.03371920850720151,0.011307039978462781,0.8258177412841566,0.0559294656077534,0.03385381612599273,0.06521739130434782,0.011307039978462781,0.8828240678422399,0.11717593215776013,0.0,0.4040247678018576,0.3007134203795935,0.1974020729573294,0.05996769417149011,0.024162067573024634
2024-02-01,13941,6964,6977,47,142,132.98615594290223,1459545,1152610,9792,647827,1361195,42503,1306606,470254.0,0.8149343662578007,0.0651316261387275,0.05803027042536404,0.035148124237859554,0.022380030126963633,0.8138584032709275,0.06132989025177534,0.03543504770102575,0.058460655620113336,0.022380030126963633,0.8755469478516605,0.12445305214833943,0.0,0.43554981708629226,0.33591564450182915,0.12466824474571409,0.06706835951509935,0.022236568395380532
2024-03-01,14916,7466,7450,52,136,133.25770984178064,1646064,1325323,10854,748248,1571901,47326,1408230,501479.0,0.8138240815231965,0.058997050147492625,0.0642933762402789,0.04082864038616251,0.01676052561008313,0.81047197640118,0.05705282917672298,0.04109680879592384,0.06482971305980155,0.01676052561008313,0.8716143738267632,0.1283856261732368,0.0,0.4283319924912845,0.3480825958702065,0.12127916331456154,0.06047197640117994,0.023665862161437384
2024-04-01,14071,7043,7028,47,139,134.4761566342122,1565278,1214419,10002,718424,1505106,39162,1360655,434157.0,0.8269490441333238,0.06040793120602658,0.05479354701158411,0.030488238220453413,0.022244332314689787,0.8251012721199631,0.057423068722905264,0.031056783455333664,0.055291024092104325,0.022102196005969726,0.8791841375879469,0.12074479425769313,7.106815436003127e-05,0.42946485679766894,0.3529955227062753,0.12323217966029422,0.06261104399118755,0.018122379361807973
2024-05-01,14983,7499,7484,48,125,129.74984982980712,1490253,980245,4674,309103,655045,25032,1073223,407970.0,0.7957685376760328,0.05946739638256691,0.03777614629913902,0.0338383501301475,0.06634185410131482,0.7944336915170527,0.05819929253153574,0.03390509243809651,0.03871053861042515,0.06627511179336582,0.8525662417406394,0.1473670159514116,6.674230794900888e-05,0.45298004404992326,0.30814923580057396,0.1473002736434626,0.06247080024027231,0.013415203897750784
2024-06-01,14687,7332,7355,51,125,133.59569687478722,1440857,0,0,0,32742,16596,6310,456676.0,0.8197725880029958,0.06052972016068632,0.03928644379383128,0.03601824742969974,0.03635868455096344,0.8173895281541499,0.05787431061482944,0.03622250970245795,0.040103492884864166,0.03622250970245795,0.874582964526452,0.1253489480492953,6.808742425274052e-05,0.5157622387145094,0.26697079049499556,0.12882140668618505,0.06168720637298291,0.01436644651732825
2024-07-01,15558,7778,7780,49,124,133.49318678493378,1521867,0,12,0,38723,18589,4191,529891.0,0.815914641984831,0.05746239876590822,0.04312893688134722,0.024167630800874147,0.052963105797660365,0.8140506491836997,0.055019925440287956,0.02448900887003471,0.04300038565368299,0.052963105797660365,0.8706774649697905,0.12932253503020955,0.0,0.49537215580408794,0.2842910399794318,0.13247204010798302,0.05926211595320735,0.01568324977503535
2024-08-01,15536,7757,7779,51,122,130.31552523171987,1450343,0,53,0,37352,22206,2906,445404.0,0.794799176107106,0.056771369721936145,0.04821060762100927,0.03076725025746653,0.0607621009268795,0.7945417095777549,0.055226570545829044,0.030895983522142123,0.021627188465499485,0.06037590113285273,0.8549176107106076,0.14508238928939238,0.0,0.5474382080329557,0.2024974253347065,0.16007981462409887,0.05966786817713697,0.018988156539649845
2024-09-01,14310,7158,7152,48,130,135.69182389937106,1393712,0,67,4,30032,17932,8211,400261.0,0.8294199860237597,0.0573025856044724,0.04129979035639413,0.02676450034940601,0.0389937106918239,0.8286512928022362,0.05562543675751223,0.02697414395527603,0.0,0.0389937106918239,0.889308176100629,0.11069182389937107,0.0,0.583927323549965,0.20006988120195668,0.12976939203354299,0.05744234800838575,0.018588399720475192
2024-10-01,8794,4402,4392,49,103,138.63873095292246,766284,0,101,0,15759,8765,2304,838305.0,0.8364794177848534,0.0624289288151012,0.02581305435524221,0.01955879008414828,0.04639526950193314,0.8350011371389584,0.06060950648169206,0.019899931771662497,0.0,0.046281555606095065,0.8931089379122129,0.10689106208778713,0.0,0.5052308392085513,0.19604275642483512,0.22390266090516261,0.05651580623152149,0.010802820104616783
