year,month,embarcado,desembarcado,transferencia
2021,Enero,1695,1845,578
2021,Febrero,1738,1852,425
2021,Marzo,2077,2186,567
2021,Abril,2021,2307,531
2021,Mayo,1949,2286,563
2021,Junio,2261,2293,1098
2021,Julio,3061,2994,1201
2021,Agosto,2959,3221,1037
2021,Septiembre,3466,3491,1043
2021,Octubre,3425,3283,1223
2021,Noviembre,3900,3945,1843
2021,Diciembre,4083,3749,1964
2022,Enero,4062,4086,2632
2022,Febrero,3792,3864,2292
2022,Marzo,4562,4625,2673
2022,Abril,4564,4702,2632
2022,Mayo,4562,4702,2632
2022,Junio,4562,4702,2632
2022,Julio,4562,4702,2632
2022,Agosto,4562,4702,2632
2022,Septiembre,4562,4702,2632
2022,Octubre,4562,4702,2632
2022,Noviembre,4562,4702,2632
2022,Diciembre,4562,4702,2632
2023,Enero,5073,5162,4282
2023,Febrero,4698,5005,3929
2023,Marzo,5494,5696,5180
2023,Abril,5369,5500,5277
2023,Mayo,5510,6103,3847
2023,Junio,2354,5112,7158
2023,Julio,6046,6469,3757
2023,Agosto,3038,6113,7010
2023,Septiembre,3500,6250,8674
2023,Octubre,6525,7130,6685
2023,Noviembre,6737,7244,6553
2023,Diciembre,6988,6861,6739
