model,target,MAE,RMSE,MAPE_%,sMAPE_%,R2
ExtraTrees,desembarcado,363.38710144927546,19.062714954834618,6.411405166210611,6.735348292783383,0.6915604456603119
GradientBoosting,desembarcado,363.7093803339778,19.071166202777892,6.486144646038064,6.791636495906758,0.7089453166687345
RandomForest,desembarcado,488.0182608695652,22.091135345870416,8.808928597924401,9.377203633409334,0.5415766998262477
LassoCV,desembarcado,687.6621013393215,26.22331217331864,11.989362437229396,13.14406787561268,-0.027349135628554677
ElasticNetCV,desembarcado,687.913669141406,26.228108379015936,11.99604753400012,13.15016729295411,-0.026522377516593254
SARIMAX,desembarcado,907.274229333279,30.120993166449193,15.86069346930499,13.659978983132968,-2.7732788848529397
SVR_RBF,desembarcado,1376.3233510342939,37.098832205802566,25.94274625482715,30.090494586425244,-1.6715596413407163
SeasonalNaive_12,desembarcado,1527.391304347826,39.08185390111152,29.520319469385807,36.22637114723707,-2.508167668981913
RidgeCV,desembarcado,6432.074854647957,80.20021729800959,142.7005617333103,41.07109008124264,-450.58222208598033
LinearRegression,desembarcado,6488.84392488927,80.55336072994888,143.6050696523199,41.30305451990882,-452.41748009252086
ExtraTrees,embarcado,578.5615942028985,24.053307344373632,13.636922802827057,12.53065932094135,-0.08496625076334596
GradientBoosting,embarcado,580.9740502299072,24.103403291442213,13.810163166156356,12.967860527622618,-0.187464979128245
RandomForest,embarcado,692.2719565217392,26.311061486031672,16.489418047164932,15.306408938778922,-0.14862957352519635
SARIMAX,embarcado,764.6185271761948,27.651736422441807,19.409024373587183,20.354097451313812,-0.4022770953548547
LassoCV,embarcado,828.883958230337,28.790344878627923,19.59297532811657,18.23037988723677,-0.27928249590778087
ElasticNetCV,embarcado,829.047112342326,28.7931782257938,19.597804407560098,18.23430761333641,-0.2800400426771783
SVR_RBF,embarcado,1288.160858963535,35.89095789977658,28.926086509802417,30.52288107516189,-0.9812479235668452
SeasonalNaive_12,embarcado,1457.0869565217392,38.17180839994012,33.225413811235406,37.75482080560078,-1.7071030216846181
RidgeCV,embarcado,5659.457330171359,75.22936481302602,147.3411743566705,47.112025336163896,-242.28808247623775
LinearRegression,embarcado,5700.997073423644,75.50494734402272,148.51749453433044,47.32932151380936,-243.17254670137413
ExtraTrees,transferencia,647.1109420289856,25.438375381084885,13.999380459975178,14.798788434660217,0.7273394008835332
GradientBoosting,transferencia,725.9481692894706,26.943425344403977,15.329034044061068,16.721200158403157,0.6642294401406494
RandomForest,transferencia,819.4002173913043,28.625167552196167,16.992776866599723,19.32052764405782,0.5680146459229398
ElasticNetCV,transferencia,1321.1203920612563,36.34721986701674,25.28156594592465,31.441299035736307,-0.04576892832540658
LassoCV,transferencia,1322.9623268017735,36.37254908308976,25.307942929398923,31.483762112401486,-0.04938274181567559
SARIMAX,transferencia,1464.6691139420172,38.27099572707793,37.10671642064474,39.77458099944535,-1.1657164751742903
SVR_RBF,transferencia,2142.7147201796806,46.289466622328675,49.68943998658166,67.96372108866913,-0.8770860972365535
SeasonalNaive_12,transferencia,2240.217391304348,47.330934823900826,54.027146189603116,77.9557943156178,-0.9608334555786209
RidgeCV,transferencia,4541.8136234994945,67.39297903713334,150.90640996639087,42.10016308657608,-44.66232366687138
LinearRegression,transferencia,4577.564207903088,67.65769880732782,151.33231084057502,42.302445640006034,-44.83230547352324
